{
  "project_info": {
    "project_number": "614459468815",
    "project_id": "fashion-shop-49fca",
    "storage_bucket": "fashion-shop-49fca.appspot.com"
  },
  "client": [
    {
      "client_info": {
        "mobilesdk_app_id": "1:614459468815:android:ca0329e15184994a41877a",
        "android_client_info": {
          "package_name": "com.example.fashionshop"
        }
      },
      "oauth_client": [],
      "api_key": [
        {
          "current_key": "AIzaSyD4xItlK0tJLD8RniPZ3eivOI1Wcitn4Uk"
        }
      ],
      "services": {
        "appinvite_service": {
          "other_platform_oauth_client": []
        }
      }
    }
  ],
  "configuration_version": "1"
}